rank,subreddit,members
1,r/funny,67M
2,r/AskReddit,58M
3,r/worldnews,47M
4,r/gaming,47M
5,r/todayilearned,41M
6,r/Music,38M
7,r/aww,38M
8,r/movies,37M
9,r/memes,36M
10,r/science,34M
11,r/Showerthoughts,34M
12,r/pics,33M
13,r/news,31M
14,r/Jokes,30M
15,r/space,28M
16,r/DIY,27M
17,r/books,27M
18,r/videos,27M
19,r/askscience,26M
20,r/nottheonion,26M
21,r/mildlyinteresting,25M
22,r/food,24M
23,r/GetMotivated,24M
24,r/EarthPorn,24M
25,r/explainlikeimfive,23M
26,r/LifeProTips,23M
27,r/gadgets,23M
28,r/IAmA,22M
29,r/Art,22M
30,r/sports,22M
31,r/dataisbeautiful,22M
32,r/Futurology,22M
33,r/personalfinance,22M
34,r/gifs,21M
35,r/UpliftingNews,20M
36,r/photoshopbattles,20M
37,r/Documentaries,20M
38,r/Damnthatsinteresting,20M
39,r/technology,20M
40,r/wallstreetbets,20M
41,r/OldSchoolCool,19M
42,r/tifu,19M
43,r/WritingPrompts,19M
44,r/history,19M
45,r/philosophy,19M
46,r/wholesomememes,18M
47,r/nosleep,18M
48,r/television,18M
49,r/listentothis,18M
50,r/NatureIsFuckingLit,17M
51,r/nba,17M
52,r/InternetIsBeautiful,17M
53,r/interestingasfuck,16M
54,r/pcmasterrace,16M
55,r/relationship_advice,16M
56,r/creepy,15M
57,r/lifehacks,15M
58,r/travel,14M
59,r/anime,14M
60,r/ContagiousLaughter,13M
61,r/nfl,13M
62,r/HistoryMemes,13M
63,r/Fitness,12M
64,r/oddlysatisfying,12M
65,r/MadeMeSmile,12M
66,r/dadjokes,12M
67,r/Unexpected,12M
68,r/mildlyinfuriating,12M
69,r/NetflixBestOf,12M
70,r/europe,12M
71,r/EatCheapAndHealthy,11M
72,r/ChatGPT,11M
73,r/tattoos,10M
74,r/CryptoCurrency,10M
75,r/AdviceAnimals,9.9M
76,r/BeAmazed,9.3M
77,r/politics,9M
78,r/cats,9M
79,r/gardening,8.8M
80,r/Minecraft,8.6M
81,r/soccer,8.6M
82,r/FoodPorn,8.6M
83,r/FunnyAnimals,8.5M
84,r/AnimalsBeingDerps,8.4M
85,r/buildapc,8.4M
86,r/leagueoflegends,8.3M
87,r/Parenting,8.2M
88,r/WatchPeopleDieInside,8.1M
89,r/PS5,8.1M
90,r/rarepuppers,8.1M
91,r/facepalm,8.1M
92,r/Bitcoin,8.1M
93,r/NintendoSwitch,7.9M
94,r/itookapicture,7.5M
95,r/cars,7.4M
96,r/MakeupAddiction,7.3M
97,r/CozyPlaces,7.2M
98,r/AITAH,7.1M
99,r/NoStupidQuestions,6.9M
100,r/AnimalsBeingBros,6.9M
101,r/programming,6.8M
102,r/HumansBeingBros,6.7M
103,r/Frugal,6.7M
104,r/Fauxmoi,6.6M
105,r/formula1,6.6M
106,r/AnimalsBeingJerks,6.5M
107,r/starterpacks,6.4M
108,r/malefashionadvice,6.4M
109,r/entertainment,6.3M
110,r/apple,6.3M
111,r/socialskills,6.3M
112,r/popculturechat,6.3M
113,r/dating,6.2M
114,r/MapPorn,6.2M
115,r/nevertellmetheodds,6.1M
116,r/woodworking,6.1M
117,r/Overwatch,6.1M
118,r/CrappyDesign,6M
119,r/Cooking,6M
120,r/Awwducational,6M
121,r/coolguides,6M
122,r/Tinder,5.9M
123,r/nutrition,5.9M
124,r/technicallythetruth,5.8M
125,r/nasa,5.8M
126,r/femalefashionadvice,5.8M
127,r/anime_irl,5.8M
128,r/foodhacks,5.8M
129,r/drawing,5.7M
130,r/TravelHacks,5.7M
131,r/MealPrepSunday,5.7M
132,r/Economics,5.7M
133,r/FortNiteBR,5.6M
134,r/AskWomen,5.6M
135,r/pokemongo,5.6M
136,r/photography,5.6M
137,r/YouShouldKnow,5.5M
138,r/camping,5.5M
139,r/Sneakers,5.5M
140,r/PS4,5.5M
141,r/biology,5.5M
142,r/backpacking,5.4M
143,r/unitedkingdom,5.4M
144,r/boardgames,5.4M
145,r/bestof,5.3M
146,r/ModernWarfareII,5.3M
147,r/OnePiece,5.2M
148,r/battlestations,5.2M
149,r/Shoestring,5.2M
150,r/Steam,5.1M
151,r/Outdoors,5.1M
152,r/streetwear,5.1M
153,r/Entrepreneur,5.1M
154,r/trippinthroughtime,5.1M
155,r/Daytrading,5M
156,r/Survival,5M
157,r/PremierLeague,5M
158,r/strength_training,5M
159,r/pettyrevenge,4.9M
160,r/SkincareAddiction,4.9M
161,r/unpopularopinion,4.8M
162,r/psychology,4.8M
163,r/careerguidance,4.8M
164,r/Eldenring,4.8M
165,r/pokemon,4.8M
166,r/marvelstudios,4.8M
167,r/BikiniBottomTwitter,4.7M
168,r/dating_advice,4.7M
169,r/HomeImprovement,4.7M
170,r/slowcooking,4.7M
171,r/bodyweightfitness,4.7M
172,r/ProgrammerHumor,4.7M
173,r/StarWars,4.6M
174,r/Eyebleach,4.6M
175,r/homeautomation,4.6M
176,r/iphone,4.5M
177,r/solotravel,4.5M
178,r/painting,4.5M
179,r/CFB,4.5M
180,r/scifi,4.4M
181,r/Hair,4.4M
182,r/Design,4.4M
183,r/hardware,4.3M
184,r/MaliciousCompliance,4.3M
185,r/ExpectationVsReality,4.3M
186,r/learnprogramming,4.3M
187,r/motorcycles,4.3M
188,r/canada,4.3M
189,r/woahdude,4.3M
190,r/Baking,4.3M
191,r/marvelmemes,4.3M
192,r/AmIOverreacting,4.2M
193,r/DnD,4.2M
194,r/spaceporn,4.2M
195,r/running,4.2M
196,r/changemyview,4.2M
197,r/MovieDetails,4.1M
198,r/productivity,4.1M
199,r/loseit,4.1M
200,r/MyPeopleNeedMe,4.1M
201,r/roadtrip,4.1M
202,r/ThriftStoreHauls,4.1M
203,r/comicbooks,4.1M
204,r/UFOs,4.1M
205,r/IdiotsInCars,4M
206,r/Nails,4M
207,r/StockMarket,4M
208,r/compsci,4M
209,r/keto,3.9M
210,r/maybemaybemaybe,3.9M
211,r/math,3.9M
212,r/HighQualityGifs,3.9M
213,r/pcgaming,3.9M
214,r/standupshots,3.9M
215,r/podcasts,3.9M
216,r/Fantasy,3.9M
217,r/reactiongifs,3.9M
218,r/kpop,3.9M
219,r/sciencememes,3.9M
220,r/chemistry,3.8M
221,r/singularity,3.8M
222,r/BestofRedditorUpdates,3.8M
223,r/DiWHY,3.8M
224,r/WeAreTheMusicMakers,3.8M
225,r/Genshin_Impact,3.8M
226,r/gameofthrones,3.8M
227,r/15minutefood,3.8M
228,r/PrequelMemes,3.8M
229,r/TaylorSwift,3.8M
230,r/RelationshipMemes,3.7M
231,r/oddlyspecific,3.7M
232,r/comics,3.7M
233,r/DigitalPainting,3.7M
234,r/ethereum,3.7M
235,r/harrypotter,3.7M
236,r/spacex,3.7M
237,r/AsianBeauty,3.7M
238,r/DunderMifflin,3.7M
239,r/OutOfTheLoop,3.7M
240,r/MMA,3.6M
241,r/indieheads,3.6M
242,r/Health,3.6M
243,r/Marvel,3.6M
244,r/OUTFITS,3.6M
245,r/BuyItForLife,3.6M
246,r/Philippines,3.5M
247,r/ArtPorn,3.5M
248,r/HealthyFood,3.5M
249,r/Meditation,3.5M
250,r/recipes,3.5M
251,r/Games,3.5M
252,r/google,3.5M
253,r/homestead,3.5M
254,r/JapanTravel,3.5M
255,r/teenagers,3.4M
256,r/teslamotors,3.4M
257,r/HolUp,3.4M
258,r/howto,3.4M
259,r/MinecraftMemes,3.4M
260,r/fantasyfootball,3.4M
261,r/horror,3.4M
262,r/legaladvice,3.4M
263,r/india,3.4M
264,r/offmychest,3.4M
265,r/DestinyTheGame,3.3M
266,r/youtube,3.3M
267,r/HistoryPorn,3.3M
268,r/techsupport,3.3M
269,r/Watches,3.3M
270,r/languagelearning,3.3M
271,r/writing,3.3M
272,r/Naruto,3.3M
273,r/yoga,3.3M
274,r/meirl,3.3M
275,r/3Dprinting,3.3M
276,r/Guitar,3.3M
277,r/suggestmeabook,3.3M
278,r/BaldursGate3,3.3M
279,r/investing,3.3M
280,r/Weird,3.3M
281,r/zelda,3.3M
282,r/SipsTea,3.3M
283,r/raspberry_pi,3.3M
284,r/GifRecipes,3.2M
285,r/GetStudying,3.2M
286,r/sidehustle,3.2M
287,r/Perfectfit,3.2M
288,r/ArtefactPorn,3.2M
289,r/Physics,3.2M
290,r/frugalmalefashion,3.2M
291,r/webdev,3.2M
292,r/popheads,3.2M
293,r/PeterExplainsTheJoke,3.1M
294,r/Android,3.1M
295,r/WhitePeopleTwitter,3.1M
296,r/Fishing,3.1M
297,r/Boxing,3.1M
298,r/funnysigns,3.1M
299,r/StardewValley,3.1M
300,r/wow,3.1M
301,r/baseball,3.1M
302,r/mlb,3.1M
303,r/BeautyGuruChatter,3.1M
304,r/xxfitness,3.1M
305,r/Astronomy,3.1M
306,r/whatisthisthing,3.1M
307,r/somethingimade,3.1M
308,r/learntodraw,3.1M
309,r/toptalent,3M
310,r/hockey,3M
311,r/MachineLearning,3M
312,r/EDM,3M
313,r/ufc,3M
314,r/apexlegends,3M
315,r/Filmmakers,3M
316,r/spotify,3M
317,r/lotrmemes,3M
318,r/CollegeBasketball,3M
319,r/vandwellers,3M
320,r/mac,3M
321,r/BetterEveryLoop,3M
322,r/educationalgifs,3M
323,r/FanTheories,3M
324,r/DeepIntoYouTube,3M
325,r/beginnerfitness,3M
326,r/budgetfood,2.9M
327,r/atheism,2.9M
328,r/antiwork,2.9M
329,r/bodybuilding,2.9M
330,r/hacking,2.9M
331,r/college,2.9M
332,r/houseplants,2.9M
333,r/ChildrenFallingOver,2.9M
334,r/homeowners,2.9M
335,r/humor,2.9M
336,r/Twitch,2.9M
337,r/graphic_design,2.9M
338,r/dogs,2.8M
339,r/introvert,2.8M
340,r/crafts,2.8M
341,r/AnimalCrossing,2.8M
342,r/australia,2.8M
343,r/GamePhysics,2.8M
344,r/malelivingspace,2.8M
345,r/youtubehaiku,2.8M
346,r/StrangerThings,2.8M
347,r/CasualConversation,2.8M
348,r/likeus,2.8M
349,r/CampingandHiking,2.8M
350,r/NFT,2.7M
351,r/datascience,2.7M
352,r/CasualUK,2.7M
353,r/StupidFood,2.7M
354,r/AskEngineers,2.7M
355,r/Mommit,2.7M
356,r/analog,2.7M
357,r/aviation,2.7M
358,r/VALORANT,2.7M
359,r/lego,2.7M
360,r/tipofmytongue,2.7M
361,r/PixelArt,2.7M
362,r/PUBATTLEGROUNDS,2.6M
363,r/AskHistorians,2.6M
364,r/thewalkingdead,2.6M
365,r/Coronavirus,2.6M
366,r/electronicmusic,2.6M
367,r/OpenAI,2.6M
368,r/astrophotography,2.6M
369,r/oddlyterrifying,2.6M
370,r/roblox,2.6M
371,r/Metal,2.6M
372,r/nhl,2.6M
373,r/CharacterAI,2.6M
374,r/povertyfinance,2.6M
375,r/rap,2.6M
376,r/SweatyPalms,2.6M
377,r/dogecoin,2.6M
378,r/minimalism,2.6M
379,r/jobs,2.5M
380,r/cyberpunkgame,2.5M
381,r/hiking,2.5M
382,r/100yearsago,2.5M
383,r/selfimprovement,2.5M
384,r/grilling,2.5M
385,r/BollyBlindsNGossip,2.5M
386,r/LongDistance,2.5M
387,r/ShingekiNoKyojin,2.4M
388,r/reddeadredemption,2.4M
389,r/TrueOffMyChest,2.4M
390,r/RealEstate,2.4M
391,r/JuJutsuKaisen,2.4M
392,r/classicalmusic,2.4M
393,r/javascript,2.4M
394,r/financialindependence,2.4M
395,r/natureismetal,2.4M
396,r/Coffee,2.4M
397,r/smallbusiness,2.4M
398,r/flexibility,2.4M
399,r/fragrance,2.4M
400,r/DesignPorn,2.4M
401,r/3amjokes,2.4M
402,r/digitalnomad,2.4M
403,r/30PlusSkinCare,2.4M
404,r/FreeEBOOKS,2.4M
405,r/ethtrader,2.3M
406,r/disney,2.3M
407,r/nintendo,2.3M
408,r/nvidia,2.3M
409,r/cscareerquestions,2.3M
410,r/dbz,2.3M
411,r/OnePunchMan,2.3M
412,r/Graffiti,2.3M
413,r/AskUK,2.3M
414,r/theydidthemath,2.3M
415,r/ArtisanVideos,2.3M
416,r/ArchitecturePorn,2.3M
417,r/ATBGE,2.3M
418,r/Teachers,2.3M
419,r/WhatsWrongWithYourDog,2.3M
420,r/hbo,2.3M
421,r/vinyl,2.3M
422,r/Satisfyingasfuck,2.3M
423,r/TheLastAirbender,2.2M
424,r/LatinoPeopleTwitter,2.2M
425,r/Amd,2.2M
426,r/AbandonedPorn,2.2M
427,r/PhotoshopRequest,2.2M
428,r/PoliticalDiscussion,2.2M
429,r/literature,2.2M
430,r/sewing,2.2M
431,r/DisneyPlus,2.2M
432,r/urbanexploration,2.2M
433,r/Journaling,2.2M
434,r/ADHD,2.2M
435,r/Justrolledintotheshop,2.2M
436,r/terriblefacebookmemes,2.2M
437,r/Helldivers,2.2M
438,r/Poetry,2.1M
439,r/reallifedoodles,2.1M
440,r/BokuNoHeroAcademia,2.1M
441,r/audiophile,2.1M
442,r/CleaningTips,2.1M
443,r/Paranormal,2.1M
444,r/NationalPark,2.1M
445,r/confusing_perspective,2.1M
446,r/getdisciplined,2.1M
447,r/law,2.1M
448,r/AskAcademia,2.1M
449,r/finance,2.1M
450,r/socialmedia,2.1M
451,r/astrology,2.1M
452,r/cookingforbeginners,2.1M
453,r/perfectlycutscreams,2.1M
454,r/virtualreality,2.1M
455,r/HunterXHunter,2.1M
456,r/IWantOut,2.1M
457,r/tennis,2M
458,r/HouseOfTheDragon,2M
459,r/forbiddensnacks,2M
460,r/hmmm,2M
461,r/elonmusk,2M
462,r/AnimalsBeingGeniuses,2M
463,r/Skincare_Addiction,2M
464,r/startups,2M
465,r/ofcoursethatsathing,2M
466,r/mealtimevideos,2M
467,r/architecture,2M
468,r/halo,2M
469,r/Fallout,2M
470,r/gamedev,2M
471,r/Adulting,2M
472,r/AbsoluteUnits,2M
473,r/MechanicAdvice,2M
474,r/animation,2M
475,r/vegan,1.9M
476,r/realestateinvesting,1.9M
477,r/wallpaper,1.9M
478,r/softwaregore,1.9M
479,r/CryptoMarkets,1.9M
480,r/hearthstone,1.9M
481,r/powerwashingporn,1.9M
482,r/MangaCollectors,1.9M
483,r/marketing,1.9M
484,r/Sims4,1.9M
485,r/savedyouaclick,1.9M
486,r/crochet,1.9M
487,r/AmazonPrimeVideo,1.9M
488,r/Europetravel,1.9M
489,r/whatisit,1.9M
490,r/Pizza,1.9M
491,r/AnimeART,1.9M
492,r/TwoSentenceHorror,1.9M
493,r/netflix,1.9M
494,r/worldbuilding,1.9M
495,r/Makeup,1.9M
496,r/MemeEconomy,1.9M
497,r/TattooDesigns,1.9M
498,r/RocketLeague,1.8M
499,r/algotrading,1.8M
500,r/crossfit,1.8M
501,r/AskHR,1.8M
502,r/funnyvideos,1.8M
503,r/beauty,1.8M
504,r/linux,1.8M
505,r/playstation,1.8M
506,r/UKPersonalFinance,1.8M
507,r/MovieSuggestions,1.8M
508,r/PersonalFinanceCanada,1.8M
509,r/Cricket,1.8M
510,r/ExposurePorn,1.8M
511,r/singapore,1.8M
512,r/chess,1.8M
513,r/japan,1.8M
514,r/RoomPorn,1.8M
515,r/midjourney,1.8M
516,r/AMA,1.8M
517,r/Cinemagraphs,1.8M
518,r/Screenwriting,1.7M
519,r/DotA2,1.7M
520,r/KitchenConfidential,1.7M
521,r/acne,1.7M
522,r/photocritique,1.7M
523,r/whatsthisplant,1.7M
524,r/MrBeast,1.7M
525,r/FinancialCareers,1.7M
526,r/carporn,1.7M
527,r/golf,1.7M
528,r/Turkey,1.7M
529,r/ArtificialInteligence,1.7M
530,r/thalassophobia,1.7M
531,r/PoliticalHumor,1.7M
532,r/learnart,1.7M
533,r/indiasocial,1.7M
534,r/Basketball,1.7M
535,r/BotanicalPorn,1.7M
536,r/Nike,1.7M
537,r/VintageFashion,1.6M
538,r/UrbanHell,1.6M
539,r/AskEurope,1.6M
540,r/snowboarding,1.6M
541,r/lakers,1.6M
542,r/TheSimpsons,1.6M
543,r/climbing,1.6M
544,r/olympics,1.6M
545,r/TheWayWeWere,1.6M
546,r/iamverysmart,1.6M
547,r/skiing,1.6M
548,r/privacy,1.6M
549,r/Terraria,1.6M
550,r/childfree,1.6M
551,r/rpg,1.6M
552,r/Hulu,1.6M
553,r/specializedtools,1.6M
554,r/Anticonsumption,1.6M
555,r/PerfectTiming,1.6M
556,r/indiameme,1.6M
557,r/wholesomeanimemes,1.6M
558,r/rnb,1.5M
559,r/weddingplanning,1.5M
560,r/interesting,1.5M
561,r/environment,1.5M
562,r/MachinePorn,1.5M
563,r/StartledCats,1.5M
564,r/nostalgia,1.5M
565,r/landscaping,1.5M
566,r/ramen,1.5M
567,r/AskPhysics,1.5M
568,r/HumansAreMetal,1.5M
569,r/headphones,1.5M
570,r/Disneyland,1.5M
571,r/warriors,1.5M
572,r/Dogtraining,1.5M
573,r/ifyoulikeblank,1.5M
574,r/Cruise,1.5M
575,r/CreditCards,1.5M
576,r/Catswithjobs,1.5M
577,r/microsoft,1.5M
578,r/simpleliving,1.5M
579,r/BrandNewSentence,1.5M
580,r/Costco,1.5M
581,r/developersIndia,1.5M
582,r/Bossfight,1.5M
583,r/KerbalSpaceProgram,1.5M
584,r/london,1.5M
585,r/Aquariums,1.5M
586,r/ShouldIbuythisgame,1.5M
587,r/discordapp,1.5M
588,r/Hololive,1.5M
589,r/beermoney,1.5M
590,r/Zoomies,1.5M
591,r/thatHappened,1.5M
592,r/IWantToLearn,1.5M
593,r/NASCAR,1.5M
594,r/geography,1.5M
595,r/bleach,1.5M
596,r/IndiaCricket,1.5M
597,r/Warhammer40k,1.5M
598,r/truegaming,1.5M
599,r/VietNam,1.5M
600,r/Mindfulness,1.5M
601,r/smashbros,1.5M
602,r/SpecArt,1.5M
603,r/3Dmodeling,1.5M
604,r/cringepics,1.5M
605,r/thenetherlands,1.5M
606,r/tattooadvice,1.5M
607,r/Python,1.4M
608,r/HobbyDrama,1.4M
609,r/AccidentalRenaissance,1.4M
610,r/ClashRoyale,1.4M
611,r/cycling,1.4M
612,r/tumblr,1.4M
613,r/AnimeSketch,1.4M
614,r/Brawlstars,1.4M
615,r/AskEconomics,1.4M
616,r/singing,1.4M
617,r/GPT3,1.4M
618,r/IllegallySmolCats,1.4M
619,r/aliens,1.4M
620,r/burgers,1.4M
621,r/electronics,1.4M
622,r/Simulated,1.4M
623,r/korea,1.4M
624,r/agedlikemilk,1.4M
625,r/EngineeringPorn,1.4M
626,r/Twitter,1.4M
627,r/parrots,1.4M
628,r/curlyhair,1.4M
629,r/PraiseTheCameraMan,1.4M
630,r/bollywood,1.4M
631,r/options,1.4M
632,r/cybersecurity,1.4M
633,r/blender,1.4M
634,r/LofiHipHop,1.4M
635,r/awesome,1.4M
636,r/gravityfalls,1.4M
637,r/PokemonScarletViolet,1.4M
638,r/Colorization,1.4M
639,r/futbol,1.4M
640,r/LeopardsAteMyFace,1.4M
641,r/MechanicalKeyboards,1.4M
642,r/RetroFuturism,1.4M
643,r/EASportsFC,1.4M
644,r/NewToReddit,1.4M
645,r/gifsthatkeepongiving,1.3M
646,r/mexicanfood,1.3M
647,r/TheDepthsBelow,1.3M
648,r/witcher,1.3M
649,r/Conservative,1.3M
650,r/Eminem,1.3M
651,r/manhwa,1.3M
652,r/JustGuysBeingDudes,1.3M
653,r/brooklynninenine,1.3M
654,r/booksuggestions,1.3M
655,r/HomeDecorating,1.3M
656,r/delhi,1.3M
657,r/DecidingToBeBetter,1.3M
658,r/CryptoTechnology,1.3M
659,r/ffxiv,1.3M
660,r/malaysia,1.3M
661,r/2007scape,1.3M
662,r/Bundesliga,1.3M
663,r/Scams,1.3M
664,r/mashups,1.3M
665,r/freefolk,1.3M
666,r/SquaredCircle,1.3M
667,r/help,1.3M
668,r/ApplyingToCollege,1.3M
669,r/thisismylifenow,1.3M
670,r/FrugalFemaleFashion,1.3M
671,r/babyelephantgifs,1.3M
672,r/IndianStockMarket,1.3M
673,r/ImTheMainCharacter,1.3M
674,r/recruitinghell,1.3M
675,r/chemicalreactiongifs,1.3M
676,r/Glitch_in_the_Matrix,1.3M
677,r/HydroHomies,1.3M
678,r/PokemonTCG,1.3M
679,r/HonkaiStarRail,1.3M
680,r/marvelrivals,1.3M
681,r/Jazz,1.3M
682,r/resumes,1.3M
683,r/piano,1.3M
684,r/beards,1.3M
685,r/ask,1.3M
686,r/PokemonGoFriends,1.3M
687,r/ireland,1.3M
688,r/TwoHotTakes,1.3M
689,r/lotr,1.2M
690,r/FellowKids,1.2M
691,r/rupaulsdragrace,1.2M
692,r/MonsterHunter,1.2M
693,r/pasta,1.2M
694,r/lgbt,1.2M
695,r/WWE,1.2M
696,r/DCcomics,1.2M
697,r/minipainting,1.2M
698,r/holdmyredbull,1.2M
699,r/notinteresting,1.2M
700,r/AskCulinary,1.2M
701,r/sysadmin,1.2M
702,r/GrandPrixRacing,1.2M
703,r/nbadiscussion,1.2M
704,r/Minecraftbuilds,1.2M
705,r/artificial,1.2M
706,r/Accounting,1.2M
707,r/ImaginaryArchitecture,1.2M
708,r/tippytaps,1.2M
709,r/CabinPorn,1.2M
710,r/whatsthisbug,1.2M
711,r/weirddalle,1.2M
712,r/SpyxFamily,1.2M
713,r/vagabond,1.2M
714,r/AnimalTextGifs,1.2M
715,r/Awww,1.2M
716,r/billieeilish,1.2M
717,r/Breadit,1.2M
718,r/BitcoinBeginners,1.2M
719,r/Funnymemes,1.2M
720,r/nflmemes,1.2M
721,r/BeforeNAfterAdoption,1.2M
722,r/LegalAdviceUK,1.2M
723,r/boxoffice,1.2M
724,r/evilbuildings,1.2M
725,r/GooglePixel,1.2M
726,r/KoreanFood,1.2M
727,r/photoshop,1.2M
728,r/btc,1.2M
729,r/dndmemes,1.2M
730,r/homegym,1.2M
731,r/corgi,1.2M
732,r/ZeroWaste,1.2M
733,r/ANormalDayInRussia,1.2M
734,r/confidentlyincorrect,1.2M
735,r/MostBeautiful,1.2M
736,r/WhyWereTheyFilming,1.2M
737,r/bicycling,1.2M
738,r/airpods,1.2M
739,r/Superstonk,1.2M
740,r/wholesome,1.2M
741,r/mildlysatisfying,1.2M
742,r/poland,1.2M
743,r/GodofWarRagnarok,1.2M
744,r/Pareidolia,1.2M
745,r/netflixwitcher,1.2M
746,r/SkincareAddicts,1.2M
747,r/whatcouldgoright,1.2M
748,r/futurama,1.2M
749,r/spiders,1.2M
750,r/centuryhomes,1.2M
751,r/smarthome,1.1M
752,r/IndianFood,1.1M
753,r/HollowKnight,1.1M
754,r/InstaCelebsGossip,1.1M
755,r/3DS,1.1M
756,r/ThailandTourism,1.1M
757,r/Kanye,1.1M
758,r/steak,1.1M
759,r/EscapefromTarkov,1.1M
760,r/Romania,1.1M
761,r/KDRAMA,1.1M
762,r/betterCallSaul,1.1M
763,r/woooosh,1.1M
764,r/MUAontheCheap,1.1M
765,r/birdswitharms,1.1M
766,r/im14andthisisdeep,1.1M
767,r/Spiderman,1.1M
768,r/CityPorn,1.1M
769,r/IndiaSpeaks,1.1M
770,r/NoMansSkyTheGame,1.1M
771,r/GYM,1.1M
772,r/AskAnAmerican,1.1M
773,r/italy,1.1M
774,r/chinesefood,1.1M
775,r/IndoorGarden,1.1M
776,r/NotMyJob,1.1M
777,r/megalophobia,1.1M
778,r/Moviesinthemaking,1.1M
779,r/antimeme,1.1M
780,r/nursing,1.1M
781,r/femalelivingspace,1.1M
782,r/CrossStitch,1.1M
783,r/hometheater,1.1M
784,r/metalworking,1.1M
785,r/UnusualVideos,1.1M
786,r/Ghosts,1.1M
787,r/wholesomegifs,1.1M
788,r/wheredidthesodago,1.1M
789,r/xboxinsiders,1.1M
790,r/ThingsCutInHalfPorn,1.1M
791,r/canadatravel,1.1M
792,r/germany,1.1M
793,r/wiiu,1.1M
794,r/CatsWithDogs,1.1M
795,r/Cheese,1.1M
796,r/blunderyears,1.1M
797,r/ThatLookedExpensive,1.1M
798,r/InteriorDesign,1.1M
799,r/tooktoomuch,1.1M
800,r/SteamDeck,1.1M
801,r/dogpictures,1.1M
802,r/formuladank,1.1M
803,r/Animesuggest,1.1M
804,r/goldenretrievers,1.1M
805,r/technews,1.1M
806,r/VisitingHawaii,1.1M
807,r/economy,1.1M
808,r/AnimeFunny,1.1M
809,r/LiveFromNewYork,1.1M
810,r/pathofexile,1.1M
811,r/Rabbits,1.1M
812,r/ChikaPH,1.1M
813,r/mumbai,1M
814,r/spain,1M
815,r/OffMyChestPH,1M
816,r/PandR,1M
817,r/WeWantPlates,1M
818,r/jacksepticeye,1M
819,r/Watercolor,1M
820,r/startrek,1M
821,r/pitbulls,1M
822,r/RobinHood,1M
823,r/LiminalSpace,1M
824,r/youngpeopleyoutube,1M
825,r/TheWhiteLotusHBO,1M
826,r/Handwriting,1M
827,r/xbox,1M
828,r/puns,1M
829,r/EconomicHistory,1M
830,r/melbourne,1M
831,r/passive_income,1M
832,r/Breath_of_the_Wild,1M
833,r/tea,1M
834,r/ontario,1M
835,r/malegrooming,1M
836,r/Autos,1M
837,r/Instagram,1M
838,r/ihadastroke,1M
839,r/TalesFromTheFrontDesk,1M
840,r/crappyoffbrands,1M
841,r/HaircareScience,1M
842,r/blessedimages,1M
843,r/Sephora,1M
844,r/sweden,1M
845,r/AppleWatch,1M
846,r/playboicarti,1M
847,r/oilpainting,1M
848,r/tattoo,1M
849,r/Millennials,1M
850,r/everymanshouldknow,1M
851,r/BackYardChickens,1M
852,r/doctorwho,999K
853,r/Metalcore,998K
854,r/learnpython,998K
855,r/VaporwaveAesthetics,997K
856,r/Embroidery,994K
857,r/buildapcsales,994K
858,r/eupersonalfinance,990K
859,r/hiphop101,990K
860,r/findfashion,987K
861,r/TrueCrimePodcasts,987K
862,r/westworld,986K
863,r/TheSilphRoad,985K
864,r/Songwriting,985K
865,r/asoiaf,983K
866,r/smoking,981K
867,r/intermittentfasting,981K
868,r/mechanical_gifs,980K
869,r/espresso,978K
870,r/bonehurtingjuice,977K
871,r/fantasybball,976K
872,r/EngineeringStudents,975K
873,r/FinancialPlanning,972K
874,r/easyrecipes,971K
875,r/GreatBritishMemes,971K
876,r/MLS,970K
877,r/RedditLaqueristas,969K
878,r/football,969K
879,r/notliketheothergirls,969K
880,r/interiordecorating,969K
881,r/vexillology,967K
882,r/nyc,967K
883,r/piercing,966K
884,r/PanPorn,964K
885,r/snakes,963K
886,r/GreeceTravel,961K
887,r/LinkedInLunatics,961K
888,r/MakeNewFriendsHere,960K
889,r/yugioh,958K
890,r/GameDeals,956K
891,r/botecodoreddit,955K
892,r/championsleague,952K
893,r/web_design,952K
894,r/magicTCG,952K
895,r/BlackPink,949K
896,r/oblivion,949K
897,r/Illustration,949K
898,r/RandomThoughts,949K
899,r/Tools,949K
900,r/Warframe,948K
901,r/homelab,946K
902,r/indonesia,942K
903,r/freebies,942K
904,r/gamernews,937K
905,r/DataHoarder,935K
906,r/tf2,931K
907,r/fantasywriters,931K
908,r/ClashOfClans,930K
909,r/community,928K
910,r/destiny2,926K
911,r/catpics,926K
912,r/GradSchool,925K
913,r/binance,924K
914,r/YarnAddicts,923K
915,r/Thailand,922K
916,r/ios,921K
917,r/ClimbingPorn,920K
918,r/hiphopvinyl,919K
919,r/dogswithjobs,918K
920,r/DadReflexes,918K
921,r/LawSchool,915K
922,r/Cyberpunk,915K
923,r/PenmanshipPorn,914K
924,r/Starfield,914K
925,r/bostonceltics,913K
926,r/creepypasta,912K
927,r/doordash,912K
928,r/premed,912K
929,r/DesignMyRoom,912K
930,r/surrealmemes,911K
931,r/Marriage,911K
932,r/CampingGear,910K
933,r/PourPainting,906K
934,r/UkraineWarVideoReport,904K
935,r/worldcup,902K
936,r/FullmetalAlchemist,902K
937,r/AskElectronics,902K
938,r/lawncare,901K
939,r/bjj,901K
940,r/BadDesigns,901K
941,r/holdmycatnip,900K
942,r/Markiplier,900K
943,r/StableDiffusion,899K
944,r/AutoDetailing,899K
945,r/intel,899K
946,r/LosAngeles,899K
947,r/MarvelStudiosSpoilers,897K
948,r/onebag,897K
949,r/ScottishPeopleTwitter,896K
950,r/sustainability,895K
951,r/FrankOcean,894K
952,r/toronto,893K
953,r/BravoRealHousewives,890K
954,r/Wallstreetbetsnew,888K
955,r/eu_nvr,887K
956,r/Patriots,887K
957,r/Ultralight,886K
958,r/greysanatomy,884K
959,r/GuysBeingDudes,883K
960,r/onejob,883K
961,r/selfie,882K
962,r/BritishTV,882K
963,r/googlehome,881K
964,r/britishproblems,881K
965,r/FinalFantasy,880K
966,r/Prematurecelebration,878K
967,r/tvPlus,878K
968,r/AskScienceFiction,877K
969,r/blackops6,877K
970,r/Cheap_Meals,876K
971,r/casualiama,876K
972,r/moviecritic,875K
973,r/Fire,873K
974,r/catbongos,872K
975,r/HadesTheGame,871K
976,r/GameTheorists,871K
977,r/SeveranceAppleTVPlus,871K
978,r/lululemon,871K
979,r/haikyuu,870K
980,r/Leathercraft,869K
981,r/shortscarystories,869K
982,r/rugbyunion,868K
983,r/bestoflegaladvice,867K
984,r/tearsofthekingdom,865K
985,r/lostredditors,865K
986,r/Dachshund,864K
987,r/AwesomeCarMods,861K
988,r/AnimeMusicVideos,861K
989,r/RATS,860K
990,r/fashion,860K
991,r/NailArt,859K
992,r/beyonce,857K
993,r/namenerds,857K
994,r/excel,857K
995,r/Tokyo,856K
996,r/AskOldPeople,856K
997,r/Cartalk,856K
998,r/OldPhotosInRealLife,855K
999,r/plantclinic,853K
1000,r/AskIndia,852K
1001,r/BobsBurgers,852K
1002,r/pelotoncycle,850K
1003,r/Denmark,846K
1004,r/AmericanHorrorStory,845K
1005,r/MeatlessMealPrep,844K
1006,r/batman,843K
1007,r/streetwearstartup,841K
1008,r/DIYUK,841K
1009,r/BBQ,838K
1010,r/dividends,836K
1011,r/engrish,836K
1012,r/blackcats,835K
1013,r/adidas,835K
1014,r/redneckengineering,834K
1015,r/assassinscreed,834K
1016,r/newzealand,832K
1017,r/CrazyIdeas,832K
1018,r/VisitingIceland,831K
1019,r/PuppySmiles,831K
1020,r/cosplayprops,830K
1021,r/seinfeld,829K
1022,r/seriouseats,827K
1023,r/RedditGames,823K
1024,r/LearnJapanese,823K
1025,r/rapbattles,821K
1026,r/Louisvuitton,820K
1027,r/EatCheapAndVegan,820K
1028,r/sailing,819K
1029,r/CostaRicaTravel,818K
1030,r/gatekeeping,817K
1031,r/irishtourism,816K
1032,r/FindTheSniper,815K
1033,r/subnautica,815K
1034,r/WitchesVsPatriarchy,814K
1035,r/ghibli,812K
1036,r/dndnext,810K
1037,r/MemePiece,808K
1038,r/Cawwsplay,808K
1039,r/FantasyPL,808K
1040,r/WhatsWrongWithYourCat,807K
1041,r/Invincible,807K
1042,r/AskOuija,807K
1043,r/manganews,806K
1044,r/gamingnews,800K
1045,r/FirstTimeHomeBuyer,800K
1046,r/ipl,798K
1047,r/bollywoodmemes,796K
1048,r/edmproduction,796K
1049,r/patientgamers,794K
1050,r/Stoicism,794K
1051,r/WorkReform,791K
1052,r/imsorryjon,790K
1053,r/AusFinance,789K
1054,r/dankchristianmemes,787K
1055,r/NFL_Draft,786K
1056,r/vegetarian,786K
1057,r/medicalschool,786K
1058,r/SCP,785K
1059,r/beyondthebump,785K
1060,r/overlord,783K
1061,r/WildernessBackpacking,781K
1062,r/ImaginaryLandscapes,780K
1063,r/Wednesday,779K
1064,r/thesims,778K
1065,r/talesfromtechsupport,777K
1066,r/reddevils,775K
1067,r/arcticmonkeys,772K
1068,r/badeconomics,769K
1069,r/offbeat,769K
1070,r/twice,768K
1071,r/Seattle,768K
1072,r/bayarea,767K
1073,r/puppies,767K
1074,r/sydney,764K
1075,r/careeradvice,762K
1076,r/foraging,762K
1077,r/ConvenientCop,760K
1078,r/WhyWomenLiveLonger,760K
1079,r/plotholes,760K
1080,r/NotHowGirlsWork,760K
1081,r/PuertoRicoTravel,759K
1082,r/Polska,758K
1083,r/malehairadvice,758K
1084,r/findapath,757K
1085,r/CollegeMemes,756K
1086,r/taiwan,754K
1087,r/vegetablegardening,753K
1088,r/Palworld,753K
1089,r/WaltDisneyWorld,753K
1090,r/NBA2k,752K
1091,r/dontdeadopeninside,751K
1092,r/zillowgonewild,750K
1093,r/arduino,749K
1094,r/Catswhoyell,748K
1095,r/Money,748K
1096,r/InfrastructurePorn,748K
1097,r/boston,748K
1098,r/HairDye,746K
1099,r/Buddhism,746K
1100,r/amv,745K
1101,r/AnimalsOnReddit,744K
1102,r/geopolitics,743K
1103,r/wildlifephotography,741K
1104,r/DigitalArt,737K
1105,r/calvinandhobbes,735K
1106,r/ChatGPTPromptGenius,735K
1107,r/GilmoreGirls,734K
1108,r/apolloapp,734K
1109,r/whenthe,733K
1110,r/IndiaTech,733K
1111,r/happy,732K
1112,r/holdmyjuicebox,731K
1113,r/PropagandaPosters,729K
1114,r/PetiteFashionAdvice,729K
1115,r/cardano,728K
1116,r/BeardedDragons,728K
1117,r/succulents,727K
1118,r/Productivitycafe,727K
1119,r/BeginnerWoodWorking,726K
1120,r/TopCharacterTropes,725K
1121,r/texas,725K
1122,r/engineering,724K
1123,r/comedyhomicide,724K
1124,r/wallpapers,723K
1125,r/HelpMeFind,723K
1126,r/bangtan,722K
1127,r/Komi_san,720K
1128,r/classicwow,719K
1129,r/Catloaf,718K
1130,r/sailormoon,717K
1131,r/WorkOnline,716K
1132,r/declutter,714K
1133,r/hmm,714K
1134,r/outside,712K
1135,r/castiron,711K
1136,r/awwwtf,709K
1137,r/Volumeeating,709K
1138,r/LearnUselessTalents,708K
1139,r/nope,707K
1140,r/survivor,706K
1141,r/Chonkers,705K
1142,r/MemeVideos,704K
1143,r/thebachelor,704K
1144,r/ArcRaiders,704K
1145,r/Newbalance,704K
1146,r/toolporn,703K
1147,r/polandball,702K
1148,r/PunPatrol,702K
1149,r/CatsStandingUp,700K
1150,r/redditgetsdrawn,699K
1151,r/labrats,698K
1152,r/indie,698K
1153,r/AskPhotography,698K
1154,r/FORTnITE,697K
1155,r/Sourdough,697K
1156,r/selfhosted,696K
1157,r/fivenightsatfreddys,696K
1158,r/WallStreetbetsELITE,695K
1159,r/birding,694K
1160,r/PcBuild,691K
1161,r/LaLiga,690K
1162,r/japanlife,690K
1163,r/drunkencookery,689K
1164,r/tragedeigh,687K
1165,r/darksouls3,687K
1166,r/creepyencounters,685K
1167,r/DrawMyTattoo,685K
1168,r/DMAcademy,685K
1169,r/hungary,685K
1170,r/ActLikeYouBelong,684K
1171,r/PokemonSwordAndShield,684K
1172,r/AccidentalCamouflage,682K
1173,r/musictheory,681K
1174,r/Mavericks,680K
1175,r/ValueInvesting,679K
1176,r/tech,678K
1177,r/StudentLoans,677K
1178,r/gifsthatendtoosoon,676K
1179,r/CarsIndia,675K
1180,r/combinedgifs,673K
1181,r/Witcher3,672K
1182,r/TheGoodPlace,671K
1183,r/HomeworkHelp,670K
1184,r/sleep,667K
1185,r/animalsdoingstuff,666K
1186,r/abandoned,666K
1187,r/MexicoCity,664K
1188,r/supremeclothing,664K
1189,r/catfaceplant,663K
1190,r/bisexual,663K
1191,r/LOTR_on_Prime,663K
1192,r/aiArt,659K
1193,r/EnglishLearning,659K
1194,r/EntrepreneurRideAlong,659K
1195,r/shittyrobots,657K
1196,r/CatsOnKeyboards,654K
1197,r/Sat,654K
1198,r/AskACanadian,653K
1199,r/OculusQuest,653K
1200,r/summonerschool,653K
1201,r/BritishSuccess,652K
1202,r/indie_rock,652K
1203,r/trans,652K
1204,r/perfectloops,652K
1205,r/Berserk,651K
1206,r/52book,651K
1207,r/freelance,651K
1208,r/cute,651K
1209,r/GetEmployed,651K
1210,r/wikipedia,651K
1211,r/civ,650K
1212,r/DungeonsAndDragons,648K
1213,r/techsupportgore,647K
1214,r/FortniteCompetitive,647K
1215,r/TheMandalorianTV,646K
1216,r/toastme,646K
1217,r/Repaintings,645K
1218,r/mangacoloring,645K
1219,r/CanadianInvestor,644K
1220,r/California,643K
1221,r/submechanophobia,643K
1222,r/sbubby,643K
1223,r/attackontitan,643K
1224,r/beautytalkph,643K
1225,r/Garmin,642K
1226,r/NewTubers,642K
1227,r/mildyinteresting,642K
1228,r/stories,642K
1229,r/FancyFollicles,640K
1230,r/MedievalCats,638K
1231,r/China,638K
1232,r/dune,637K
1233,r/DojaCat,637K
1234,r/PathOfExile2,635K
1235,r/audioengineering,635K
1236,r/CarTalkUK,634K
1237,r/NonPoliticalTwitter,634K
1238,r/sololeveling,634K
1239,r/Suomi,633K
1240,r/dedreviil,633K
1241,r/whatsthisrock,632K
1242,r/handmade,632K
1243,r/EverythingScience,631K
1244,r/chicago,631K
1245,r/RimWorld,631K
1246,r/doodles,631K
1247,r/CosplayForEveryone,630K
1248,r/coding,630K
1249,r/CringeTikToks,630K
1250,r/ketorecipes,629K

1251,r/LiverpoolFC,629K
1252,r/thegrandtour,628K
1253,r/TalesFromYourServer,628K
1254,r/sanfrancisco,627K
1255,r/ginnyandgeorgiashow,627K
1256,r/SideProject,626K
1257,r/LocalLLaMA,626K
1258,r/trains,625K
1259,r/NeutralPolitics,625K
1260,r/StoppedWorking,623K
1261,r/feedthebeast,623K
1262,r/Christianity,623K
1263,r/geometrydash,622K
1264,r/witchcraft,622K
1265,r/findareddit,622K
1266,r/LucidDreaming,622K
1267,r/phcareers,622K
1268,r/IRLEasterEggs,621K
1269,r/GenZ,621K
1270,r/unstirredpaint,621K
1271,r/ABraThatFits,619K
1272,r/statistics,617K
1273,r/AskAnAustralian,617K
1274,r/Undertale,617K
1275,r/DogsAndPlants,617K
1276,r/adventuretime,614K
1277,r/vancouver,614K
1278,r/pokemontrades,613K
1279,r/BlackMythWukong,613K
1280,r/MobileLegendsGame,613K
1281,r/filipinofood,613K
1282,r/fixedbytheduet,611K
1283,r/ecommerce,611K
1284,r/BollywoodFashion,611K
1285,r/czech,611K
1286,r/Apartmentliving,610K
1287,r/CitiesSkylines,610K
1288,r/StreetFighter,609K
1289,r/veganrecipes,608K
1290,r/learnmachinelearning,607K
1291,r/PTCGP,607K
1292,r/visualnovels,607K
1293,r/Scotland,607K
1294,r/actuallesbians,606K
1295,r/TrueReddit,605K
1296,r/AteTheOnion,604K
1297,r/IndianGaming,604K
1298,r/scambait,604K
1299,r/Switch,603K
1300,r/fednews,601K
1301,r/LeagueOfMemes,601K
1302,r/COVID19,600K
1303,r/Seaofthieves,600K
1304,r/motivation,600K
1305,r/drawme,599K
1306,r/INEEEEDIT,599K
1307,r/HistoricalCapsule,599K
1308,r/AmongUs,598K
1309,r/Swimming,597K
1310,r/cordcutters,595K
1311,r/whowouldwin,594K
1312,r/berlin,592K
1313,r/dontyouknowwhoiam,592K
1314,r/geek,591K
1315,r/BMW,590K
1316,r/funnyIndia,590K
1317,r/SaimanSays,589K
1318,r/TrueFilm,589K
1319,r/Genshin_Impact_Leaks,588K
1320,r/MonsterHunterWorld,587K
1321,r/woof_irl,586K
1322,r/awardtravel,585K
1323,r/preppers,585K
1324,r/mbti,585K
1325,r/skateboarding,585K
1326,r/forhire,584K
1327,r/mangaswap,584K
1328,r/knitting,584K
1329,r/Austin,584K
1330,r/AnarchyChess,584K
1331,r/powerlifting,584K
1332,r/mathmemes,583K
1333,r/instantpot,583K
1334,r/overemployed,582K
1335,r/functionalprint,582K
1336,r/IndianDankMemes,582K
1337,r/Switzerland,582K
1338,r/FitGirlRepack,582K
1339,r/torontoraptors,581K
1340,r/timelapse,581K
1341,r/Carpentry,580K
1342,r/RelationshipIndia,579K
1343,r/tarot,577K
1344,r/starwarsmemes,577K
1345,r/chromeos,577K
1346,r/philadelphia,577K
1347,r/ItemShop,577K
1348,r/BatmanArkham,576K
1349,r/TheGirlSurvivalGuide,575K
1350,r/sushi,575K
1351,r/longhair,574K
1352,r/horrorlit,574K
1353,r/Norway,573K
1354,r/UnsentLetters,572K
1355,r/peopleofwalmart,572K
1356,r/webcomics,570K
1357,r/appletv,569K
1358,r/musicproduction,569K
1359,r/harrystyles,569K
1360,r/eatsandwiches,569K
1361,r/computers,568K
1362,r/ipad,568K
1363,r/FluentInFinance,568K
1364,r/GiftIdeas,567K
1365,r/Archeology,567K
1366,r/SaaS,566K
1367,r/scarystories,566K
1368,r/HowToHack,565K
1369,r/fo76,564K
1370,r/personalfinanceindia,564K
1371,r/balatro,564K
1372,r/AnimeMirchi,563K
1373,r/hyderabad,560K
1374,r/EDC,559K
1375,r/oculus,559K
1376,r/MuseumOfReddit,558K
1377,r/honk,558K
1378,r/askphilosophy,558K
1379,r/valheim,558K
1380,r/ChatGPTPro,556K
1381,r/family,556K
1382,r/amex,555K
1383,r/tonightsdinner,555K
1384,r/distantsocializing,554K
1385,r/TheNightFeeling,554K
1386,r/LetsTalkMusic,554K
1387,r/Chennai,553K
1388,r/Doom,553K
1389,r/creepydesign,553K
1390,r/fasting,553K
1391,r/videogames,553K
1392,r/aves,552K
1393,r/projectzomboid,552K
1394,r/Thisismylifemeow,551K
1395,r/unitedstatesofindia,551K
1396,r/GamingLeaksAndRumours,551K
1397,r/OnlyFans,551K
1398,r/femalehairadvice,550K
1399,r/WhatShouldICook,550K
1400,r/Catculations,550K
1401,r/duolingo,549K
1402,r/SHIBArmy,549K
1403,r/comedy,549K
1404,r/netsec,549K
1405,r/sales,549K
1406,r/raining,548K
1407,r/Construction,548K
1408,r/CatAdvice,547K
1409,r/okbuddycinephile,547K
1410,r/theocho,546K
1411,r/collapse,546K
1412,r/adultingph,546K
1413,r/GadgetsIndia,545K
1414,r/Dreams,544K
1415,r/TheRaceTo10Million,544K
1416,r/democrats,543K
1417,r/medicine,542K
1418,r/workout,542K
1419,r/MemesBR,542K
1420,r/DeepThoughts,542K
1421,r/PlayStationPlus,541K
1422,r/PupliftingNews,541K
1423,r/ketoscience,541K
1424,r/adhdwomen,540K
1425,r/ukpolitics,539K
1426,r/fireemblem,539K
1427,r/DnDBehindTheScreen,539K
1428,r/FL_Studio,539K
1429,r/houston,538K
1430,r/electricians,538K
1431,r/ITCareerQuestions,538K
1432,r/BirdsArentReal,536K
1433,r/handbags,536K
1434,r/Warthunder,536K
1435,r/TameImpala,536K
1436,r/Shoes,534K
1437,r/delusionalartists,532K
1438,r/BabyBumps,532K
1439,r/Roms,532K
1440,r/HomeMaintenance,531K
1441,r/shortcuts,531K
1442,r/bodylanguage,531K
1443,r/CuratedTumblr,530K
1444,r/fictionalpsychology,529K
1445,r/Thunder,529K
1446,r/Old_Recipes,527K
1447,r/studentsph,527K
1448,r/GymMotivation,527K
1449,r/Tekken,527K
1450,r/WhatIsThisPainting,527K
1451,r/androidapps,526K
1452,r/LosAngelesRams,526K
1453,r/HomeNetworking,526K
1454,r/imaginarymaps,526K
1455,r/SkincareAddictionUK,526K
1456,r/relaciones,526K
1457,r/blursed_videos,525K
1458,r/Atlanta,525K
1459,r/196,525K
1460,r/90s,524K
1461,r/IndiaNostalgia,524K
1462,r/TheOwlHouse,524K
1463,r/pewdiepie,523K
1464,r/Kerala,522K
1465,r/onlyfansadvice,521K
1466,r/happycrowds,521K
1467,r/seriea,521K
1468,r/MacOS,521K
1469,r/amcstock,521K
1470,r/footballmanagergames,520K
1471,r/Gunners,520K
1472,r/animegifs,520K
1473,r/IndianFashionAddicts,520K
1474,r/BeautyBoxes,519K
1475,r/Asmongold,518K
1476,r/Supplements,518K
1477,r/PlantBasedDiet,517K
1478,r/whatsthisbird,517K
1479,r/cozy,517K
1480,r/grilledcheese,515K
1481,r/GreenBayPackers,515K
1482,r/MEOW_IRL,514K
1483,r/hitmanimals,514K
1484,r/Forex,514K
1485,r/beetlejuicing,514K
1486,r/TheHandmaidsTale,513K
1487,r/skyrimmods,513K
1488,r/homeassistant,512K
1489,r/StarWarsBattlefront,512K
1490,r/traderjoes,511K
1491,r/saiyanpeopletwitter,511K
1492,r/whatismycookiecutter,511K
1493,r/firstworldanarchists,511K
1494,r/catsareliquid,511K
1495,r/MildlyVandalised,511K
1496,r/dubai,510K
1497,r/lifting,510K
1498,r/plants,509K
1499,r/CrusaderKings,508K
1500,r/Nailpolish,508K
1501,r/burdurland,508K
1502,r/Life,508K
1503,r/cakedecorating,508K
1504,r/DC_Cinematic,508K
1505,r/mystery,508K
1506,r/Needafriend,507K
1507,r/RedditSessions,507K
1508,r/sixers,507K
1509,r/Infographics,506K
1510,r/Plumbing,506K
1511,r/martialarts,505K
1512,r/GlowUps,505K
1513,r/minnesota,504K
1514,r/quotes,504K
1515,r/Persona5,504K
1516,r/EmpireDidNothingWrong,504K
1517,r/Watchexchange,504K
1518,r/phmoneysaving,503K
1519,r/animeindian,501K
1520,r/GlobalTalk,501K
1521,r/ClaudeAI,501K
1522,r/Stellaris,501K
1523,r/NorthCarolina,501K
1524,r/toddlers,500K
1525,r/TinyHouses,500K
1526,r/brisbane,500K
1527,r/OneDirection,500K
1528,r/expedition33,499K
1529,r/newjersey,499K
1530,r/SandersForPresident,499K
1531,r/PalaceClothing,499K
1532,r/SoyUnIdiota,499K
1533,r/sandiego,498K
1534,r/tressless,498K
1535,r/CulinaryPlating,497K
1536,r/furry,497K
1537,r/onions,497K
1538,r/Dallas,496K
1539,r/blackmirror,496K
1540,r/VideoEditing,496K
1541,r/shutupandtakemymoney,496K
1542,r/solana,495K
1543,r/florida,495K
1544,r/ArianaGrande,494K
1545,r/kingdomcome,492K
1546,r/reactjs,492K
1547,r/Xiaomi,492K
1548,r/SmashBrosUltimate,492K
1549,r/malefashion,491K
1550,r/misleadingthumbnails,491K
1551,r/LoveIslandUSA,490K
1552,r/Windows10,489K
1553,r/computerscience,489K
1554,r/thingsforants,489K
1555,r/matureplants,489K
1556,r/INDYCAR,489K
1557,r/starcitizen,489K
1558,r/Neverbrokeabone,488K
1559,r/ImaginarySliceOfLife,488K
1560,r/SonicTheHedgehog,488K
1561,r/Ohio,488K
1562,r/washingtondc,487K
1563,r/Michigan,487K
1564,r/kindle,486K
1565,r/DesiVideoMemes,486K
1566,r/ididnthaveeggs,486K
1567,r/FortniteLeaks,486K
1568,r/DOG,486K
1569,r/13or30,485K
1570,r/ableton,485K
1571,r/Denver,484K
1572,r/goodnews,484K
1573,r/love,484K
1574,r/chelseafc,484K
1575,r/twinpeaks,483K
1576,r/elderscrollsonline,483K
1577,r/ARK,482K
1578,r/arcane,482K
1579,r/legostarwars,482K
1580,r/LinusTechTips,482K
1581,r/Techno,481K
1582,r/HermanCainAward,480K
1583,r/RomanceBooks,480K
1584,r/EngagementRings,479K
1585,r/Broadway,478K
1586,r/cowboys,478K
1587,r/hoi4,478K
1588,r/mensfashion,477K
1589,r/streetphotography,476K
1590,r/totalwar,476K
1591,r/AskNYC,476K
1592,r/HousingUK,475K
1593,r/raimimemes,475K
1594,r/WutheringWaves,474K
1595,r/Beichtstuhl,474K
1596,r/Netherlands,474K
1597,r/televisionsuggestions,474K
1598,r/FoundPaper,473K
1599,r/lonely,473K
1600,r/Smite,473K
1601,r/radiohead,472K
1602,r/gainit,472K
1603,r/fixit,472K
1604,r/WatchandLearn,472K
1605,r/SupermodelCats,471K
1606,r/factorio,470K
1607,r/Blep,470K
1608,r/Superbowl,470K
1609,r/NewParents,470K
1610,r/bouldering,470K
1611,r/chicagobulls,469K
1612,r/Flipping,469K
1613,r/AFL,469K
1614,r/KenM,468K
1615,r/AdvancedRunning,468K
1616,r/devops,468K
1617,r/retrogaming,468K
1618,r/LigaMX,467K
1619,r/tuckedinkitties,467K
1620,r/BollywoodMusic,467K
1621,r/GME,467K
1622,r/Deltarune,467K
1623,r/German,467K
1624,r/gay,467K
1625,r/MetalMemes,466K
1626,r/satisfying,466K
1627,r/DogAdvice,465K
1628,r/socialanxiety,465K
1629,r/facebook,465K
1630,r/nocontextpics,465K
1631,r/simracing,464K
1632,r/istanbul,464K
1633,r/SequelMemes,464K
1634,r/garageporn,464K
1635,r/Foodforthought,464K
1636,r/OrganicGardening,463K
1637,r/Miniworlds,463K
1638,r/britishcolumbia,462K
1639,r/pinoygamer,461K
1640,r/answers,461K
1641,r/wicked,460K
1642,r/samsung,459K
1643,r/serbia,459K
1644,r/typography,458K
1645,r/Jujutsufolk,458K
1646,r/bali,458K
1647,r/2healthbars,456K
1648,r/SEO,456K
1649,r/goodanimemes,456K
1650,r/IndieGaming,456K
1651,r/IndiaTrending,456K
1652,r/ForzaHorizon,455K
1653,r/Houseporn,454K
1654,r/wholesomebpt,454K
1655,r/AskPH,453K
1656,r/MandelaEffect,453K
1657,r/japanpics,452K
1658,r/trailrunning,452K
1659,r/logodesign,452K
1660,r/flying,451K
1661,r/uberdrivers,450K
1662,r/Drumkits,450K
1663,r/synthesizers,450K
1664,r/buhaydigital,450K
1665,r/AccidentalWesAnderson,450K
1666,r/remotework,450K
1667,r/slavelabour,450K
1668,r/Coinbase,449K
1669,r/Pennsylvania,448K
1670,r/SaintSeiya,448K
1671,r/ISRO,447K
1672,r/discordVideos,447K
1673,r/Unity3D,447K
1674,r/hardwareswap,446K
1675,r/Fishing_Gear,445K
1676,r/PetsareAmazing,445K
1677,r/LoveLive,444K
1678,r/AmITheDevil,444K
1679,r/Aww_Espanol,444K
1680,r/IAmTheMainCharacter,444K
1681,r/minecraftsuggestions,444K
1682,r/Notion,443K
1683,r/Warhammer,443K
1684,r/KamikazeByWords,443K
1685,r/forhonor,443K
1686,r/justgalsbeingchicks,442K
1687,r/texts,442K
1688,r/Letterboxd,442K
1689,r/confidence,442K
1690,r/NYKnicks,441K
1691,r/PerfectMatchNetflix,440K
1692,r/guitarlessons,440K
1693,r/forza,440K
1694,r/PHitness,439K
1695,r/WANDAVISION,439K
1696,r/criticalrole,439K
1697,r/SpidermanPS4,438K
1698,r/puppy101,438K
1699,r/CongratsLikeImFive,437K
1700,r/snapchat,437K
1701,r/RemoteJobs,437K
1702,r/kolkata,437K
1703,r/stevenuniverse,436K
1704,r/puzzles,436K
1705,r/naturalbodybuilding,435K
1706,r/ScarySigns,435K
1707,r/tax,435K
1708,r/CoutureReps,435K
1709,r/astrologymemes,435K
1710,r/TheMonkeysPaw,435K
1711,r/borderlands3,434K
1712,r/dataengineering,434K
1713,r/ik_ihe,433K
1714,r/tylerthecreator,433K
1715,r/FanFiction,431K
1716,r/learnmath,430K
1717,r/orangecounty,429K
1718,r/FishingForBeginners,429K
1719,r/nukedmemes,429K
1720,r/TeamfightTactics,429K
1721,r/Ghoststories,429K
1722,r/ImaginaryMonsters,429K
1723,r/MTB,428K
1724,r/Ben10,428K
1725,r/happycryingdads,428K
1726,r/budgetcooking,428K
1727,r/ariheads,428K
1728,r/Calgary,427K
1729,r/tipofmyjoystick,427K
1730,r/fitmeals,427K
1731,r/NoPoo,427K
1732,r/croatia,427K
1733,r/Gintama,427K
1734,r/MoldlyInteresting,426K
1735,r/squidgame,426K
1736,r/Bumble,426K
1737,r/csMajors,426K
1738,r/videography,426K
1739,r/arborists,426K
1740,r/OhNoConsequences,426K
1741,r/ZenlessZoneZero,425K
1742,r/gtaglitches,425K
1743,r/degoogle,425K
1744,r/CryptoCurrencies,424K
1745,r/tolkienfans,424K
1746,r/dvdcollection,423K
1747,r/instantbarbarians,423K
1748,r/frankfurt,423K
1749,r/bindingofisaac,422K
1750,r/manchester,421K
1751,r/StarWarsLeaks,421K
1752,r/Hacking_Tutorials,420K
1753,r/networking,420K
1754,r/DeepRockGalactic,419K
1755,r/btd6,419K
1756,r/airplaneears,419K
1757,r/Business_Ideas,419K
1758,r/HumanForScale,418K
1759,r/Sandwiches,418K
1760,r/RareHistoricalPhotos,418K
1761,r/titanfall,418K
1762,r/Spanish,417K
1763,r/thesopranos,417K
1764,r/fashionporn,416K
1765,r/SatisfactoryGame,416K
1766,r/cinematography,416K
1767,r/Naturalhair,416K
1768,r/MagicEye,416K
1769,r/postprocessing,415K
1770,r/macrame,415K
1771,r/CatsBeingCats,415K
1772,r/denvernuggets,415K
1773,r/ETFs,414K
1774,r/sousvide,414K
1775,r/GameDevelopment,414K
1776,r/FreeGameFindings,413K
1777,r/indiansports,413K
1778,r/wedding,412K
1779,r/pointlesslygendered,411K
1780,r/TrumpCriticizesTrump,411K
1781,r/MasterReturns,411K
1782,r/AskTheWorld,410K
1783,r/minecraftseeds,410K
1784,r/paris,410K
1785,r/islam,410K
1786,r/timberwolves,410K
1787,r/BridgertonNetflix,409K
1788,r/Bushcraft,409K
1789,r/MkeBucks,409K
1790,r/Helicopters,409K
1791,r/Guildwars2,408K
1792,r/Kombucha,408K
1793,r/alberta,408K
1794,r/StarVStheForcesofEvil,408K
1795,r/GenX,408K
1796,r/leetcode,407K
1797,r/Indianbooks,407K
1798,r/CHIBears,407K
1799,r/PlantedTank,406K
1800,r/godtiersuperpowers,406K
1801,r/F1Technical,405K
1802,r/beatles,405K
1803,r/trashpandas,405K
1804,r/NYYankees,404K
1805,r/IncredibleIndia,403K
1806,r/happycowgifs,403K
1807,r/NintendoSwitchDeals,403K
1808,r/Assistance,403K
1809,r/Badfaketexts,403K
1810,r/rolex,402K
1811,r/AskFrance,402K
1812,r/UPSC,402K
1813,r/RaidShadowLegends,402K
1814,r/doordash_drivers,402K
1815,r/outrun,402K
1816,r/TheBear,402K
1817,r/TheWeeknd,400K
1818,r/IndianHistory,400K
1819,r/makeupexchange,400K
1820,r/49ers,400K
1821,r/StartUpIndia,400K
1822,r/RocketLeagueEsports,399K
1823,r/AnimalCrossingNewHor,399K
1824,r/YAlit,399K
1825,r/PizzaCrimes,399K
1826,r/inthenews,399K
1827,r/ufo,399K
1828,r/BlueLock,398K
1829,r/classiccars,398K
1830,r/teefies,398K
1831,r/totallynotrobots,397K
1832,r/SapphoAndHerFriend,397K
1833,r/emulation,397K
1834,r/HermitCraft,396K
1835,r/Alternativerock,396K
1836,r/greebles,396K
1837,r/Salary,396K
1838,r/electricvehicles,395K
1839,r/motogp,395K
1840,r/China_irl,395K
1841,r/AskMechanics,395K
1842,r/cat,394K
1843,r/Ornithology,394K
1844,r/southafrica,394K
1845,r/WerWieWas,394K
1846,r/weightroom,393K
1847,r/linux_gaming,393K
1848,r/uktravel,392K
1849,r/asktransgender,392K
1850,r/lostgeneration,392K
1851,r/trapproduction,392K
1852,r/PleX,392K
1853,r/heroesofthestorm,392K
1854,r/MaleFashionMarket,392K
1855,r/MemeTemplatesOfficial,392K
1856,r/fountainpens,391K
1857,r/esGaming,391K
1858,r/MakeUpAddictionUK,391K
1859,r/FridgeDetective,391K
1860,r/nothingeverhappens,391K
1861,r/AndroidGaming,390K
1862,r/belgium,389K
1863,r/flyfishing,389K
1864,r/fantasybaseball,389K
1865,r/Silksong,389K
1866,r/TikTok,389K
1867,r/Morocco,388K
1868,r/KingOfTheHill,388K
1869,r/OTMemes,388K
1870,r/java,388K
1871,r/Pets,388K
1872,r/rust,388K
1873,r/AirBnB,388K
1874,r/Home,387K
1875,r/HarryPotterGame,387K
1876,r/runescape,386K
1877,r/cryptocurrencymemes,386K
1878,r/phclassifieds,386K
1879,r/stephenking,385K
1880,r/40kLore,385K
1881,r/thanksimcured,385K
1882,r/bulletjournal,385K
1883,r/emotionalintelligence,385K
1884,r/russian,385K
1885,r/Paintings,385K
1886,r/BuyCanadian,385K
1887,r/Ripple,384K
1888,r/traumatizeThemBack,384K
1889,r/programminghorror,384K
1890,r/Porsche,384K
1891,r/HIMYM,383K
1892,r/TeenIndia,383K
1893,r/LAClippers,383K
1894,r/wizardposting,382K
1895,r/DumpsterDiving,382K
1896,r/SeattleWA,381K
1897,r/SpaceXLounge,381K
1898,r/perth,381K
1899,r/linguistics,380K
1900,r/RoastMyCar,379K
1901,r/Dinosaurs,379K
1902,r/ikeahacks,378K
1903,r/montreal,378K
1904,r/RandomKindness,378K
1905,r/CatTaps,377K
1906,r/leafs,377K
1907,r/jobsearchhacks,377K
1908,r/heat,377K
1909,r/AskVet,376K
1910,r/KingdomHearts,376K
1911,r/ProCreate,376K
1912,r/MexicanMemes,376K
1913,r/EliteDangerous,375K
1914,r/blop,375K
1915,r/PhotoshopTutorials,375K
1916,r/BambuLab,375K
1917,r/Portland,374K
1918,r/eagles,374K
1919,r/chessbeginners,374K
1920,r/gatesopencomeonin,374K
1921,r/TheRandomest,373K
1922,r/Munich,373K
1923,r/mtg,373K
1924,r/linux4noobs,373K
1925,r/Crunchyroll,373K
1926,r/aws,372K
1927,r/GTAGE,372K
1928,r/acrylicpainting,372K
1929,r/Shortsqueeze,372K
1930,r/lordoftherings,372K
1931,r/diyelectronics,371K
1932,r/indianrailways,371K
1933,r/iamveryrandom,371K
1934,r/realmadrid,371K
1935,r/CBSE,371K
1936,r/UnnecessaryInventions,371K
1937,r/LMDShow,371K
1938,r/wtfstockphotos,369K
1939,r/maximalism,369K
1940,r/What,368K
1941,r/HeadphoneAdvice,368K
1942,r/delta,368K
1943,r/LooneyTunesLogic,368K
1944,r/writers,368K
1945,r/danganronpa,368K
1946,r/Dragonballsuper,368K
1947,r/DragonballLegends,368K
1948,r/fashionph,368K
1949,r/Amazing,367K
1950,r/KeanuBeingAwesome,367K
1951,r/graphicnovels,367K
1952,r/PetTheDamnDog,367K
1953,r/AnalogCommunity,367K
1954,r/ubius,366K
1955,r/gachagaming,366K
1956,r/PokemonROMhacks,365K
1957,r/PrepperIntel,365K
1958,r/walmart,365K
1959,r/NecesitoDesahogarme,365K
1960,r/dancemoms,365K
1961,r/criticalblunder,365K
1962,r/PokemonGoRaids,365K
1963,r/steelers,365K
1964,r/ottawa,365K
1965,r/MagicArena,365K
1966,r/MtF,364K
1967,r/MushroomGrowers,364K
1968,r/Monero,363K
1969,r/forwardsfromgrandma,363K
1970,r/bigboye,362K
1971,r/AusMemes,362K
1972,r/helldivers2,362K
1973,r/IndianOTTbestof,362K
1974,r/collegebaseball,362K
1975,r/windows,362K
1976,r/DigitalMarketing,362K
1977,r/Connecticut,361K
1978,r/fromsoftware,361K
1979,r/Antiques,361K
1980,r/wowthissubexists,361K
1981,r/fut,361K
1982,r/RealLifeShinies,361K
1983,r/urbandesign,360K
1984,r/muglife,360K
1985,r/iiiiiiitttttttttttt,360K
1986,r/OverwatchUniversity,360K
1987,r/GamingLaptops,360K
1988,r/GothGirls,360K
1989,r/howislivingthere,360K
1990,r/massachusetts,359K
1991,r/splatoon,359K
1992,r/Madden,359K
1993,r/ExperiencedDevs,359K
1994,r/PartyParrot,359K
1995,r/BudgetAudiophile,359K
1996,r/TOR,358K
1997,r/bald,358K
1998,r/cookingtonight,358K
1999,r/freelance_forhire,358K
2000,r/gamecollecting,358K
2001,r/dontstarve,358K
2002,r/CozyGamers,357K
2003,r/acturnips,357K
2004,r/Gunpla,357K
2005,r/cartoons,357K
2006,r/ArtistLounge,357K
2007,r/osugame,357K
2008,r/Incorgnito,357K
2009,r/musicsuggestions,357K
2010,r/ChatGPTCoding,356K
2011,r/linuxquestions,356K
2012,r/Humanoidencounters,356K
2013,r/CoupleMemes,355K
2014,r/UKJobs,355K
2015,r/LesbianActually,355K
2016,r/archlinux,355K
2017,r/NintendoSwitch2,355K
2018,r/eurovision,355K
2019,r/nova,355K
2020,r/AstralProjection,354K
2021,r/phoenix,354K
2022,r/IndieDev,354K
2023,r/whatthefrockk,354K
2024,r/EDH,354K
2025,r/Amsterdam,354K
2026,r/tornado,354K
2027,r/consulting,354K
2028,r/HotAndCold,354K
2029,r/whereintheworld,353K
2030,r/Bonsai,353K
2031,r/Competitiveoverwatch,353K
2032,r/EuropeFIRE,353K
2033,r/Colorado,353K
2034,r/Supernatural,352K
2035,r/skamtebord,352K
2036,r/askSingapore,352K
2037,r/lawofattraction,352K
2038,r/army,352K
2039,r/ac_newhorizons,351K
2040,r/CreditCardsIndia,350K
2041,r/Virginia,350K
2042,r/DarkSouls2,350K
2043,r/DnDGreentext,350K
2044,r/printSF,350K
2045,r/KoreanBeauty,350K
2046,r/bi_irl,349K
2047,r/50501,349K
2048,r/arizona,349K
2049,r/bulgaria,349K
2050,r/APStudents,349K
2051,r/gamingsuggestions,349K
2052,r/The10thDentist,348K
2053,r/vegetarianrecipes,348K
2054,r/OptimistsUnite,348K
2055,r/strange,348K
2056,r/Unexplained,348K
2057,r/sketches,348K
2058,r/PetTheDamnCat,348K
2059,r/notmycat,348K
2060,r/curledfeetsies,348K
2061,r/golang,347K
2062,r/NMSCoordinateExchange,347K
2063,r/Permaculture,347K
2064,r/PlaystationDE,347K
2065,r/Konosuba,347K
2066,r/etymology,347K
2067,r/IndianTeenagers,347K
2068,r/AO3,346K
2069,r/macbookpro,346K
2070,r/NewsOfTheStupid,346K
2071,r/French,346K
2072,r/ModernWarfareIII,346K
2073,r/airfryer,345K
2074,r/Egypt,345K
2075,r/lies,345K
2076,r/Wellworn,345K
2077,r/Gold,345K
2078,r/beermoneyindia,344K
2079,r/Indiana,344K
2080,r/PlasticSurgery,344K
2081,r/physicsmemes,343K
2082,r/england,343K
2083,r/cpp,343K
2084,r/Bass,342K
2085,r/IndianArtAndThinking,342K
2086,r/photographs,342K
2087,r/indianmedschool,342K
2088,r/CatSlaps,342K
2089,r/indianbikes,342K
2090,r/Dodgers,342K
2091,r/TVTooHigh,341K
2092,r/MouseReview,341K
2093,r/punk,341K
2094,r/introverts,341K
2095,r/linuxmasterrace,340K
2096,r/UK_Food,340K
2097,r/SubwayCreatures,340K
2098,r/BlackClover,340K
2099,r/hardcoreaww,339K
2100,r/phtravel,339K
2101,r/projectcar,339K
2102,r/backrooms,339K
2103,r/dontflinch,339K
2104,r/dropship,339K
2105,r/iphonewallpapers,339K
2106,r/Mario,338K
2107,r/oneplus,338K
2108,r/aivideo,338K
2109,r/shopify,337K
2110,r/FifaCareers,337K
2111,r/goth,337K
2112,r/software,337K
2113,r/sffpc,337K
2114,r/BreadStapledToTrees,337K
2115,r/bujo,337K
2116,r/coins,336K
2117,r/ValorantCompetitive,336K
2118,r/Feminism,336K
2119,r/AccidentalSlapStick,336K
2120,r/KUWTK,336K
2121,r/trebuchetmemes,336K
2122,r/Visiblemending,336K
2123,r/Crypto_Currency_News,336K
2124,r/CRedit,335K
2125,r/traditionaltattoos,335K
2126,r/MalayalamMovies,335K
2127,r/Hungergames,335K
2128,r/Amoledbackgrounds,335K
2129,r/Avengers,334K
2130,r/baconreader,334K
2131,r/ElectricalEngineering,334K
2132,r/badtattoos,334K
2133,r/feminineboys,334K
2134,r/gradadmissions,334K
2135,r/delusionalcraigslist,334K
2136,r/makinghiphop,334K
2137,r/questions,333K
2138,r/MusicBattlestations,333K
2139,r/AskBaking,333K
2140,r/UtterlyUniquePhotos,333K
2141,r/rockets,333K
2142,r/esports,333K
2143,r/animequestions,333K
2144,r/Audi,333K
2145,r/StarWarsEU,333K
2146,r/revancedapp,333K
2147,r/DrawForMe,332K
2148,r/dyinglight,332K
2149,r/LowSodiumCyberpunk,332K
2150,r/Paladins,332K
2151,r/SydneySweeney,332K
2152,r/node,332K
2153,r/badhistory,332K
2154,r/spotted,331K
2155,r/Truckers,331K
2156,r/fakealbumcovers,331K
2157,r/steamdeals,331K
2158,r/DDLC,331K
2159,r/McMansionHell,331K
2160,r/dadswhodidnotwantpets,331K
2161,r/ForeverAloneDating,330K
2162,r/raidsecrets,330K
2163,r/Frontend,330K
2164,r/MiddleClassFinance,330K
2165,r/techsupportmacgyver,330K
2166,r/nrl,329K
2167,r/AfterEffects,329K
2168,r/FreeGamesOnSteam,329K
2169,r/orangetheory,328K
2170,r/SonyAlpha,328K
2171,r/comedynecromancy,328K
2172,r/dndmaps,328K
2173,r/twentyonepilots,328K
2174,r/ManchesterUnited,328K
2175,r/Drizzy,328K
2176,r/northernireland,327K
2177,r/Edmonton,327K
2178,r/Thatsactuallyverycool,326K
2179,r/starbucks,326K
2180,r/Overwatch_Memes,326K
2181,r/overclocking,326K
2182,r/botw,326K
2183,r/Mid_Century,326K
2184,r/opensource,325K
2185,r/Calligraphy,325K
2186,r/dogelore,325K
2187,r/offlineTV,325K
2188,r/evangelionmemes,325K
2189,r/whatisthiscar,325K
2190,r/buffalobills,324K
2191,r/PromptEngineering,324K
2192,r/triplej,324K
2193,r/xmen,324K
2194,r/subaru,324K
2195,r/MoldyMemes,324K
2196,r/Boruto,324K
2197,r/rally,324K
2198,r/MAAU,323K
2199,r/playark,323K
2200,r/digital_marketing,323K
2201,r/AbstractArt,323K
2202,r/norge,323K
2203,r/finedining,323K
2204,r/MakeupAdditionCanada,323K
2205,r/kollywood,322K
2206,r/bookshelf,322K
2207,r/AAAAAAAAAAAAAAAAA,322K
2208,r/youtubers,322K
2209,r/indiafood,322K
2210,r/jewelry,322K
2211,r/Mcat,321K
2212,r/rpghorrorstories,321K
2213,r/miniminter,321K
2214,r/whatsthatbook,321K
2215,r/dankruto,320K
2216,r/Catholicism,320K
2217,r/Rainmeter,320K
2218,r/weightlifting,320K
2219,r/asmr,320K
2220,r/FoodLosAngeles,320K
2221,r/fiaustralia,320K
2222,r/audiobooks,320K
2223,r/UnearthedArcana,320K
2224,r/DeathStranding,320K
2225,r/metaldetecting,319K
2226,r/IThinkYouShouldLeave,319K
2227,r/CryptoIndia,319K
2228,r/Nightreign,319K
2229,r/Indiangamers,319K
2230,r/cowboybebop,319K
2231,r/HarryPotterMemes,319K
2232,r/modelmakers,319K
2233,r/AZCardinals,319K
2234,r/Wales,319K
2235,r/kittens,318K
2236,r/distressingmemes,318K
2237,r/InstagramMarketing,318K
2238,r/illinois,318K
2239,r/streeteats,318K
2240,r/PutAnEggOnIt,318K
2241,r/NFTsMarketplace,317K
2242,r/NYGiants,317K
2243,r/XboxGamePass,317K
2244,r/bettafish,317K
2245,r/firstworldproblems,317K
2246,r/robotics,317K
2247,r/breathinginformation,317K
2248,r/animalid,316K
2249,r/godot,316K
2250,r/ArcherFX,316K
2251,r/Sneks,316K
2252,r/hygiene,316K
2253,r/tollywood,316K
2254,r/AddisonRae,316K
2255,r/starcraft,315K
2256,r/InternetPH,315K
2257,r/Woodcarving,315K
2258,r/HonkaiStarRail_leaks,315K
2259,r/Slovakia,315K
2260,r/standardissuecat,315K
2261,r/glitch_art,314K
2262,r/csharp,314K
2263,r/onguardforthee,314K
2264,r/BuyFromEU,313K
2265,r/VanLife,313K
2266,r/Indiangirlsontinder,313K
2267,r/GoNets,313K
2268,r/bassfishing,313K
2269,r/MBA,313K
2270,r/confusingperspective,313K
2271,r/spongebob,313K
2272,r/CATpreparation,312K
2273,r/guitarpedals,312K
2274,r/TheRealJoke,312K
2275,r/NBASpurs,312K
2276,r/moderatepolitics,312K
2277,r/FREE,312K
2278,r/GlitchInTheMatrix,312K
2279,r/TopSecretRecipes,311K
2280,r/Blacksmith,311K
2281,r/sneakerreps,311K
2282,r/Cryptozoology,311K
2283,r/Mushrooms,310K
2284,r/kettlebell,310K
2285,r/CICO,310K
2286,r/AvatarMemes,310K
2287,r/Genshin_Memepact,310K
2288,r/discgolf,310K
2289,r/suns,310K
2290,r/wicked_edge,310K
2291,r/legal,309K
2292,r/arresteddevelopment,309K
2293,r/Seahawks,309K
2294,r/lewronggeneration,308K
2295,r/minnesotavikings,308K
2296,r/neutralnews,308K
2297,r/Telegram,308K
2298,r/GirlGamers,308K
2299,r/askTO,308K
2300,r/Gundam,307K
2301,r/malepolish,307K
2302,r/MildlyBadDrivers,307K
2303,r/Windows11,307K
2304,r/AkoBaYungGago,306K
2305,r/ChineseLanguage,306K
2306,r/BollywoodRealism,306K
2307,r/lfg,306K
2308,r/newyorkcity,306K
2309,r/Technoblade,306K
2310,r/ArtHistory,305K
2311,r/Crystals,305K
2312,r/newworldgame,305K
2313,r/UmaMusume,305K
2314,r/delhiuniversity,304K
2315,r/MuayThai,304K
2316,r/awakened,304K
2317,r/gorillaz,304K
2318,r/crappymusic,303K
2319,r/fakedisordercringe,303K
2320,r/winterporn,303K
2321,r/GODZILLA,303K
2322,r/CyberStuck,303K
2323,r/SnapshotHistory,303K
2324,r/CATHELP,303K
2325,r/bikewrench,302K
2326,r/memexico,302K
2327,r/SGExams,302K
2328,r/BooksThatFeelLikeThis,302K
2329,r/wisconsin,301K
2330,r/HeavySeas,301K
2331,r/docker,301K
2332,r/StarWarsTattoo,301K
2333,r/Freefood,301K
2334,r/tiktokgossip,301K
2335,r/FIREUK,301K
2336,r/mechmarket,300K
2337,r/brushybrushy,300K
2338,r/heyUK,300K
2339,r/DJs,300K
2340,r/PointlessStories,300K
2341,r/MusicForConcentration,300K
2342,r/CatDistributionSystem,300K
2343,r/characterdrawing,299K
2344,r/spaceflight,299K
2345,r/Gifts,299K
2346,r/learnjavascript,299K
2347,r/LetGirlsHaveFun,299K
2348,r/JRPG,299K
2349,r/PokeInvesting,299K
2350,r/TopGear,299K
2351,r/bengals,299K
2352,r/Positivity,299K
2353,r/mountandblade,298K
2354,r/Haircare,298K
2355,r/90dayfianceuncensored,298K
2356,r/drums,298K
2357,r/SpottedonRightmove,298K
2358,r/Mirrorsforsale,298K
2359,r/NoLawns,298K
2360,r/Serverlife,297K
2361,r/leangains,297K
2362,r/Edinburgh,297K
2363,r/Miami,297K
2364,r/lostarkgame,297K
2365,r/criterion,297K
2366,r/whatsthisworth,297K
2367,r/ancientrome,297K
2368,r/Georgia,297K
2369,r/crochetpatterns,297K
2370,r/LV426,297K
2371,r/Vaporwave,297K
2372,r/spreadsmile,297K
2373,r/Destiny,297K
2374,r/Finland,296K
2375,r/noisygifs,296K
2376,r/DnB,296K
2377,r/OCPoetry,296K
2378,r/Etsy,296K
2379,r/Monopoly_GO,296K
2380,r/PowerShell,296K
2381,r/canadahousing,296K
2382,r/HuskyTantrums,296K
2383,r/lingling40hrs,295K
2384,r/detroitlions,295K
2385,r/MinecraftCommands,295K
2386,r/sonos,295K
2387,r/tja,295K
2388,r/ImaginaryTechnology,294K
2389,r/progmetal,294K
2390,r/creativewriting,294K
2391,r/RunningShoeGeeks,294K
2392,r/PhasmophobiaGame,294K
2393,r/Paleontology,294K
2394,r/Ubiquiti,294K
2395,r/Wordpress,293K
2396,r/FastWorkers,293K
2397,r/AI_Agents,293K
2398,r/AnimalsBeingStrange,293K
2399,r/maryland,293K
2400,r/WalmartCelebrities,293K
2401,r/rusAskReddit,293K
2402,r/AajMaineJana,293K
2403,r/Frieren,293K
2404,r/UnderReportedNews,292K
2405,r/Modern_Family,292K
2406,r/IndianSkincareAddicts,292K
2407,r/learnspanish,292K
2408,r/WeatherGifs,292K
2409,r/Cameras,292K
2410,r/Jung,292K
2411,r/sciencefiction,292K
2412,r/hiphop,291K
2413,r/MadeMeCry,291K
2414,r/CompTIA,291K
2415,r/selflove,291K
2416,r/translator,291K
2417,r/legendofkorra,291K
2418,r/Monitors,291K
2419,r/CodeGeass,290K
2420,r/swedishproblems,290K
2421,r/UniUK,290K
2422,r/Psychic,290K
2423,r/BoringCompany,289K
2424,r/superheroes,289K
2425,r/nosurf,289K
2426,r/NonBinary,289K
2427,r/AtlantaHawks,289K
2428,r/asia,289K
2429,r/indiegames,289K
2430,r/pittsburgh,289K
2431,r/scrungycats,289K
2432,r/ZZZ_Official,288K
2433,r/nier,288K
2434,r/PinoyProgrammer,288K
2435,r/hockeyplayers,288K
2436,r/SuperAthleteGifs,288K
2437,r/Lost_Architecture,288K
2438,r/MajesticManes,288K
2439,r/SafeMoon,288K
2440,r/PhoenixSC,288K
2441,r/GoogleEarthFinds,288K
2442,r/ScandinavianInterior,287K
2443,r/cableporn,287K
2444,r/Pokemonart,287K
2445,r/JustBootThings,287K
2446,r/FreeCompliments,287K
2447,r/Tomorrowland,287K
2448,r/fujifilm,287K
2449,r/audiodrama,287K
2450,r/aldi,287K
2451,r/pelletgrills,287K
2452,r/rockhounds,287K
2453,r/PS4Deals,287K
2454,r/euro2024,286K
2455,r/transformers,286K
2456,r/Browns,286K
2457,r/ObsidianMD,286K
2458,r/PS3,286K
2459,r/thomastheplankengine,286K
2460,r/AgriculturePorn,286K
2461,r/cricketworldcup,286K
2462,r/oregon,285K
2463,r/CarryMinati,285K
2464,r/battlemaps,285K
2465,r/vanderpumprules,285K
2466,r/askpsychology,285K
2467,r/volleyball,284K
2468,r/koreanvariety,284K
2469,r/Wallstreetsilver,284K
2470,r/AmITheAngel,284K
2471,r/BigBrother,284K
2472,r/quilting,284K
2473,r/fastfood,284K
2474,r/ShinyPokemon,284K
2475,r/masterhacker,284K
2476,r/DragonsDogma2,283K
2477,r/thinkpad,283K
2478,r/PuertoRico,283K
2479,r/unrealengine,283K
2480,r/EmulationOnAndroid,283K
2481,r/buildapcforme,283K
2482,r/funkopop,283K
2483,r/UnexpectedlyWholesome,282K
2484,r/proplifting,282K
2485,r/DestinyFashion,282K
2486,r/submarines,282K
2487,r/romemes,282K
2488,r/DBZDokkanBattle,282K
2489,r/Entomology,282K
2490,r/transtimelines,281K
2491,r/ScienceNcoolThings,281K
2492,r/Archery,281K
2493,r/infp,281K
2494,r/gamedesign,281K
2495,r/IndianCinema,281K
2496,r/CarsAustralia,281K
2497,r/ImmigrationCanada,281K
2498,r/Papaplatte,281K
2499,r/consoles,280K
2500,r/Ubuntu,280K